Delta,Time,CORE0_ENERGY (J),CORE0_FREQ (MHZ),CORE0_PSTATE,CORE0_VOLT (V),CORE1_ENERGY (J),CORE1_FREQ (MHZ),CORE1_PSTATE,CORE1_VOLT (V),CORE2_ENERGY (J),CORE2_FREQ (MHZ),CORE2_PSTATE,CORE2_VOLT (V),CORE3_ENERGY (J),CORE3_FREQ (MHZ),CORE3_PSTATE,CORE3_VOLT (V),CPU_ENERGY (J),CPU_FREQUENCY_0,CPU_FREQUENCY_1,CPU_FREQUENCY_2,CPU_FREQUENCY_3,CPU_FREQUENCY_4,CPU_FREQUENCY_5,CPU_FREQUENCY_6,CPU_FREQUENCY_7,CPU_USAGE_0,CPU_USAGE_1,CPU_USAGE_2,CPU_USAGE_3,CPU_USAGE_4,CPU_USAGE_5,CPU_USAGE_6,CPU_USAGE_7,TOTAL_MEMORY,TOTAL_SWAP,USED_MEMORY,USED_SWAP
0,1786143544555,1649.3730010986328,300,2,0.725,1575.6563568115234,300,2,0.725,4361.381652832031,300,2,0.725,3834.409683227539,300,0,0.725,28099.89306640625,605,605,3491,5150,605,605,605,605,3.7037036418914795,0,0,7.142857551574707,0,0,0,7.692307949066162,32353091584,8589930496,2592333824,0
200,1786143544555,1649.3730010986328,300,2,0.725,1575.6563568115234,300,2,0.725,4361.381652832031,300,2,0.725,3834.4134674072266,300,0,0.725,28099.9024810791,605,605,3491,5150,605,605,605,605,3.7037036418914795,0,0,7.142857551574707,0,0,0,7.692307949066162,32353091584,8589930496,2592333824,0
199,1786143544755,1649.5514526367188,300,2,0.26875000000000004,1575.7866821289063,300,2,0.26875000000000004,4362.413055419922,300,0,0.26875000000000004,3834.5790100097656,300,0,0.26875000000000004,28102.165283203125,605,605,3491,5150,605,605,605,605,5,9.523809432983398,80,0,9.523809432983398,5,9.523809432983398,0,32353091584,8589930496,2612289536,0
199,1786143544955,1649.5723266601563,300,2,0.26875000000000004,1575.7951202392578,300,2,0.26875000000000004,4363.630157470703,300,0,0.26875000000000004,3834.6004486083984,300,2,0.26875000000000004,28104.11541748047,605,605,3491,5150,605,605,605,605,0,0,100,5,0,0,0,0,32353091584,8589930496,2612289536,0
199,1786143545155,1649.5792694091797,300,2,0.26875000000000004,1575.8016967773438,300,2,0.26875000000000004,4364.848831176758,300,0,0.26875000000000004,3834.6107482910156,300,2,0.26875000000000004,28106.029571533203,605,605,3491,5150,605,605,605,605,0,0,100,0,0,0,0,0,32353091584,8589930496,2612477952,0
199,1786143545355,1649.586685180664,300,2,0.26875000000000004,1575.8092651367188,300,2,0.26875000000000004,4366.067764282227,300,0,0.26875000000000004,3834.6218872070313,300,2,0.26875000000000004,28107.94937133789,605,605,3491,5150,605,605,605,605,0,0,100,0,0,0,0,5,32353091584,8589930496,2612465664,0
199,1786143545555,1649.5936584472656,300,2,0.26875000000000004,1575.8169250488281,300,2,0.26875000000000004,4367.2855224609375,300,0,0.26875000000000004,3834.6363677978516,300,2,0.26875000000000004,28109.877075195313,605,605,3491,5150,605,605,605,605,0,0,100,0,0,0,0,0,32353091584,8589930496,2612465664,0
199,1786143545755,1649.6004486083984,300,2,0.26875000000000004,1575.8233489990234,300,2,0.26875000000000004,4368.504501342773,300,0,0.26875000000000004,3834.648162841797,300,2,0.26875000000000004,28111.790939331055,605,605,3491,5150,605,605,605,605,0,0,100,0,0,0,0,0,32353091584,8589930496,2612465664,0
199,1786143545955,1649.774429321289,300,2,0.26249999999999996,1576.0439910888672,300,2,0.26249999999999996,4369.569305419922,300,0,0.26249999999999996,3834.9168853759766,300,2,0.26249999999999996,28114.288467407227,605,605,3491,5150,605,605,605,605,5,5,73.68421173095703,5.263157844543457,0,5.263157844543457,5,9.523809432983398,32353091584,8589930496,2624270336,0
199,1786143546155,1649.7848052978516,300,2,0.26875000000000004,1576.0662689208984,300,2,0.26875000000000004,4370.800933837891,300,0,0.26875000000000004,3834.9566192626953,300,2,0.26875000000000004,28116.270095825195,605,605,3491,5150,605,605,605,605,0,0,100,0,5,0,0,0,32353091584,8589930496,2624270336,0
200,1786143546355,1649.7916564941406,300,2,0.26875000000000004,1576.0732727050781,300,0,0.26875000000000004,4372.012969970703,300,0,0.26875000000000004,3834.9715728759766,300,0,0.26875000000000004,28118.172485351563,605,605,3491,5150,605,605,605,605,0,0,100,0,5,0,0,0,32353091584,8589930496,2624270336,0
199,1786143546556,1649.7984313964844,300,2,0.26875000000000004,1576.0798950195313,300,2,0.26875000000000004,4373.239044189453,300,0,0.26875000000000004,3834.983657836914,300,2,0.26875000000000004,28120.09197998047,605,605,3491,5150,605,605,605,605,0,0,100,0,0,0,0,0,32353091584,8589930496,2624270336,0
199,1786143546756,1649.8056030273438,300,2,0.26875000000000004,1576.0929107666016,300,2,0.26875000000000004,4374.455596923828,300,0,0.26875000000000004,3834.9970092773438,300,2,0.26875000000000004,28122.013305664063,605,605,3491,5150,605,605,605,605,0,0,100,0,0,0,0,0,32353091584,8589930496,2624270336,0
199,1786143546956,1649.8122100830078,300,2,0.26875000000000004,1576.1000518798828,300,2,0.26875000000000004,4375.675628662109,300,0,0.26875000000000004,3835.0111694335938,300,2,0.26875000000000004,28123.925689697266,605,605,3491,5150,605,605,605,605,0,0,100,0,0,0,0,0,32353091584,8589930496,2624270336,0
199,1786143547156,1649.8628387451172,300,0,0.26249999999999996,1576.1819458007813,300,0,0.26249999999999996,4376.839904785156,300,0,0.26249999999999996,3835.0904388427734,300,0,0.26249999999999996,28125.97624206543,605,605,3491,5150,605,605,605,605,0,5,94.73684692382813,0,0,0,0,5,32353091584,8589930496,2619781120,0
199,1786143547356,1650.0215606689453,300,2,0.26249999999999996,1576.3704223632813,300,2,0.26249999999999996,4377.030044555664,300,2,0.26249999999999996,3836.1917419433594,300,0,0.26249999999999996,28128.38377380371,605,605,3491,5150,605,605,605,605,0,5,0,80.95238494873047,0,9.523809432983398,9.523809432983398,0,32353091584,8589930496,2624614400,0
200,1786143547556,1650.0283508300781,300,2,0.26249999999999996,1576.3773498535156,300,2,0.26249999999999996,4377.039291381836,300,2,0.26249999999999996,3837.421920776367,300,0,0.26249999999999996,28130.28303527832,605,605,3491,5150,605,605,605,605,0,5,0,80.95238494873047,0,9.523809432983398,9.523809432983398,0,32353091584,8589930496,2624614400,0
200,1786143547756,1650.03515625,300,2,0.26249999999999996,1576.3846130371094,300,2,0.26249999999999996,4377.048904418945,300,2,0.26249999999999996,3838.6531524658203,300,0,0.26249999999999996,28132.187408447266,605,605,3491,5150,605,605,605,605,0,0,0,100,0,0,0,0,32353091584,8589930496,2624614400,0
200,1786143547956,1650.0421447753906,300,2,0.26249999999999996,1576.3971557617188,300,2,0.26249999999999996,4377.058975219727,300,2,0.26249999999999996,3839.882766723633,300,0,0.26249999999999996,28134.102645874023,605,605,3491,5150,605,605,605,605,0,0,0,100,0,0,0,0,32353091584,8589930496,2624614400,0
200,1786143548156,1650.0486907958984,300,2,0.26249999999999996,1576.4036254882813,300,2,0.26249999999999996,4377.068222045898,300,2,0.26249999999999996,3841.1151428222656,300,0,0.26249999999999996,28136.002044677734,605,605,3491,5150,605,605,605,605,0,0,0,100,0,0,0,0,32353091584,8589930496,2624614400,0
200,1786143548356,1650.055908203125,300,2,0.26249999999999996,1576.4107818603516,300,2,0.26249999999999996,4377.078109741211,300,2,0.26249999999999996,3842.3534545898438,300,0,0.26249999999999996,28137.91505432129,605,605,3491,5150,605,605,605,605,0,0,0,100,0,0,0,0,32353091584,8589930496,2624614400,0
199,1786143548556,1650.3104095458984,300,2,0.26249999999999996,1576.6149444580078,300,2,0.26249999999999996,4377.667541503906,300,0,0.26249999999999996,3843.127197265625,300,2,0.26249999999999996,28140.486129760742,605,605,3491,5150,605,605,605,605,5,0,15.000000953674316,50,10,0,26.3157901763916,0,32353091584,8589930496,2631569408,0
199,1786143548756,1650.3218841552734,300,2,0.26249999999999996,1576.6245422363281,300,2,0.26249999999999996,4378.891311645508,300,0,0.26249999999999996,3843.137252807617,300,2,0.26249999999999996,28142.39613342285,605,605,3491,5150,605,605,605,605,5,0,15.000000953674316,50,10,0,26.3157901763916,0,32353091584,8589930496,2631569408,0
199,1786143548956,1650.3306121826172,300,2,0.26249999999999996,1576.6355590820313,300,2,0.26249999999999996,4380.108352661133,300,0,0.26249999999999996,3843.147903442383,300,2,0.26249999999999996,28144.309188842773,605,605,3491,5150,605,605,605,605,0,0,0,0,0,0,100,0,32353091584,8589930496,2631569408,0
199,1786143549156,1650.3384857177734,300,2,0.26249999999999996,1576.6551971435547,300,2,0.26249999999999996,4381.325668334961,300,0,0.26249999999999996,3843.1612243652344,300,2,0.26249999999999996,28146.238357543945,605,605,3491,5150,605,605,605,605,0,0,0,0,0,0,100,0,32353091584,8589930496,2631716864,0
199,1786143549356,1650.3460693359375,300,2,0.26249999999999996,1576.6651763916016,300,2,0.26249999999999996,4382.546798706055,300,0,0.26249999999999996,3843.1720275878906,300,2,0.26249999999999996,28148.148071289063,605,605,3491,5150,605,605,605,605,0,0,0,0,0,0,100,4.761904716491699,32353091584,8589930496,2631716864,0
199,1786143549556,1650.3533630371094,300,2,0.26249999999999996,1576.6744995117188,300,2,0.26249999999999996,4383.778137207031,300,0,0.26249999999999996,3843.1827392578125,300,2,0.26249999999999996,28150.080688476563,605,605,3491,5150,605,605,605,605,0,0,0,0,0,0,100,0,32353091584,8589930496,2631716864,0
199,1786143549757,1650.4379577636719,300,0,0.26875000000000004,1576.7619018554688,300,0,0.26875000000000004,4384.976715087891,300,0,0.26875000000000004,3843.2618255615234,300,0,0.26875000000000004,28152.21014404297,605,605,3491,5150,605,605,605,605,0,9.523809432983398,0,5,5,5,90,5,32353091584,8589930496,2617663488,0
199,1786143549957,1650.5800323486328,300,2,0.26249999999999996,1576.9292907714844,300,2,0.26249999999999996,4385.148468017578,300,2,0.26249999999999996,3844.3238677978516,300,0,0.26249999999999996,28154.49722290039,605,605,3491,5150,605,605,605,605,4.761904716491699,0,4.761904716491699,75,0,0,9.523809432983398,0,32353091584,8589930496,2621284352,0
200,1786143550157,1650.602523803711,300,2,0.26249999999999996,1576.9487915039063,300,2,0.26249999999999996,4385.169326782227,300,2,0.26249999999999996,3845.5491790771484,300,0,0.26249999999999996,28156.4461517334,605,605,3491,5150,605,605,605,605,0,0,5,100,0,0,0,0,32353091584,8589930496,2620686336,0
199,1786143550357,1650.6226501464844,300,2,0.26249999999999996,1577.0196228027344,300,2,0.26249999999999996,4385.248092651367,300,2,0.26249999999999996,3846.698455810547,300,0,0.26249999999999996,28158.47299194336,605,605,3491,5150,605,605,605,605,4.761904716491699,5.263157844543457,5,94.73684692382813,0,0,0,0,32353091584,8589930496,2619478016,0
199,1786143550557,1650.629150390625,300,2,0.26249999999999996,1577.03076171875,300,2,0.26249999999999996,4385.257843017578,300,2,0.26249999999999996,3847.931640625,300,0,0.26249999999999996,28160.38851928711,605,605,3491,5150,605,605,605,605,4.761904716491699,5.263157844543457,5,94.73684692382813,0,0,0,0,32353091584,8589930496,2619478016,0
199,1786143550757,1650.6356201171875,300,2,0.26249999999999996,1577.0396728515625,300,2,0.26249999999999996,4385.2689208984375,300,2,0.26249999999999996,3849.1651000976563,300,0,0.26249999999999996,28162.302185058594,605,605,3491,5150,605,605,605,605,0,0,0,100,0,0,0,0,32353091584,8589930496,2619478016,0
199,1786143550957,1650.6430053710938,300,2,0.26249999999999996,1577.049545288086,300,2,0.26249999999999996,4385.279510498047,300,0,0.26249999999999996,3850.4004669189453,300,0,0.26249999999999996,28164.22592163086,605,605,3491,5150,605,605,605,605,0,0,0,100,0,0,0,0,32353091584,8589930496,2619478016,0
199,1786143551157,1650.8233337402344,300,2,0.26249999999999996,1577.2914428710938,300,0,0.26249999999999996,4385.56526184082,300,2,0.26249999999999996,3851.3873901367188,300,0,0.26249999999999996,28166.681732177734,605,605,3491,5150,605,605,605,605,0,10,0,68.42105102539063,9.523809432983398,9.090909004211426,5.263157844543457,9.523809432983398,32353091584,8589930496,2619834368,0
199,1786143551357,1650.8685913085938,300,2,0.26249999999999996,1577.323257446289,300,2,0.26249999999999996,4385.61540222168,300,2,0.26249999999999996,3852.6209259033203,300,0,0.26249999999999996,28168.68783569336,605,605,3491,5150,605,605,605,605,0,0,0,100,0,0,0,0,32353091584,8589930496,2620051456,0
199,1786143551557,1650.878158569336,300,2,0.26249999999999996,1577.3345336914063,300,2,0.26249999999999996,4385.626068115234,300,2,0.26249999999999996,3853.8555603027344,300,0,0.26249999999999996,28170.617874145508,605,605,3491,5150,605,605,605,605,0,0,0,100,0,0,0,0,32353091584,8589930496,2620051456,0
199,1786143551757,1650.8851165771484,300,2,0.26249999999999996,1577.3439331054688,300,2,0.26249999999999996,4385.639144897461,300,2,0.26249999999999996,3855.091323852539,300,0,0.26249999999999996,28172.531829833984,605,605,3491,5150,605,605,605,605,0,0,0,100,0,0,0,0,32353091584,8589930496,2620051456,0
199,1786143551957,1650.8925323486328,300,2,0.26249999999999996,1577.3531951904297,300,2,0.26249999999999996,4385.649459838867,300,2,0.26249999999999996,3856.3263092041016,300,0,0.26249999999999996,28174.4384765625,605,605,3491,5150,605,605,605,605,0,0,0,100,0,0,0,0,32353091584,8589930496,2620051456,0
199,1786143552157,1650.9005279541016,300,2,0.26249999999999996,1577.3635864257813,300,2,0.26249999999999996,4385.660675048828,300,2,0.26249999999999996,3857.5637817382813,300,0,0.26249999999999996,28176.365661621094,605,605,3491,5150,605,605,605,605,0,0,0,100,0,0,0,0,32353091584,8589930496,2619957248,0
199,1786143552357,1650.990005493164,300,0,0.25624999999999987,1577.4642028808594,300,0,0.25624999999999987,4385.738967895508,300,0,0.25624999999999987,3858.743911743164,300,0,0.25624999999999987,28178.483184814453,605,605,3491,5150,605,605,605,605,5,0,9.523809432983398,90,0,5,0,0,32353091584,8589930496,2629525504,0
199,1786143552558,1651.1087341308594,300,2,0.26249999999999996,1577.595230102539,300,2,0.26249999999999996,4385.939010620117,300,2,0.26249999999999996,3859.8699798583984,300,0,0.26249999999999996,28180.824188232422,605,605,3491,5150,605,605,605,605,0,5,0,80.95238494873047,4.761904716491699,5,9.523809432983398,0,32353091584,8589930496,2633052160,0
200,1786143552758,1651.1195831298828,300,2,0.26249999999999996,1577.6102905273438,300,2,0.26249999999999996,4385.949417114258,300,2,0.26249999999999996,3861.113784790039,300,0,0.26249999999999996,28182.78221130371,605,605,3491,5150,605,605,605,605,0,5,0,80.95238494873047,4.761904716491699,5,9.523809432983398,0,32353091584,8589930496,2633306112,0
199,1786143552958,1651.1280059814453,300,2,0.26249999999999996,1577.6243438720703,300,2,0.26249999999999996,4385.962829589844,300,2,0.26249999999999996,3862.3561401367188,300,0,0.26249999999999996,28184.734420776367,605,605,3491,5150,605,605,605,605,0,0,0,100,0,0,0,0,32353091584,8589930496,2633306112,0
199,1786143553158,1651.1358947753906,300,2,0.26249999999999996,1577.6335906982422,300,2,0.26249999999999996,4385.972442626953,300,2,0.26249999999999996,3863.6106719970703,300,0,0.26249999999999996,28186.678161621094,605,605,3491,5150,605,605,605,605,0,0,0,100,0,0,0,0,32353091584,8589930496,2633306112,0
199,1786143553358,1651.1485443115234,300,2,0.26249999999999996,1577.644515991211,300,2,0.26249999999999996,4385.984481811523,300,2,0.26249999999999996,3864.8657836914063,300,0,0.26249999999999996,28188.64422607422,605,605,3491,5150,605,605,605,605,4.761904716491699,0,0,100,0,0,0,0,32353091584,8589930496,2633568256,0
199,1786143553558,1651.156967163086,300,2,0.26249999999999996,1577.6541290283203,300,2,0.26249999999999996,4385.994552612305,300,2,0.26249999999999996,3866.1194915771484,300,0,0.26249999999999996,28190.587631225586,605,605,3491,5150,605,605,605,605,0,0,0,100,0,0,0,0,32353091584,8589930496,2633568256,0
199,1786143553758,1651.365219116211,300,0,0.25624999999999987,1577.8536529541016,300,2,0.25624999999999987,4386.229110717773,300,0,0.25624999999999987,3867.2647247314453,300,0,0.25624999999999987,28193.127883911133,605,605,3491,5150,605,605,605,605,0,5,9.523809432983398,66.66667175292969,0,5,0,20,32353091584,8589930496,2627440640,0
199,1786143553958,1651.3754272460938,300,2,0.26249999999999996,1577.8669738769531,300,2,0.26249999999999996,4386.242172241211,300,0,0.26249999999999996,3868.5213775634766,300,0,0.26249999999999996,28195.09796142578,605,605,3491,5150,605,605,605,605,0,4.761904716491699,0,100,0,0,0,0,32353091584,8589930496,2627440640,0
199,1786143554158,1651.3851470947266,300,0,0.26249999999999996,1577.8764038085938,300,2,0.26249999999999996,4386.252334594727,300,0,0.26249999999999996,3869.772232055664,300,0,0.26249999999999996,28197.046676635742,605,605,3491,5150,605,605,605,605,0,0,0,100,0,0,0,0,32353091584,8589930496,2627686400,0
199,1786143554358,1651.3947448730469,300,2,0.26249999999999996,1577.8857727050781,300,2,0.26249999999999996,4386.262741088867,300,2,0.26249999999999996,3871.0228576660156,300,0,0.26249999999999996,28198.993118286133,605,605,3491,5150,605,605,605,605,0,0,0,100,0,0,0,0,32353091584,8589930496,2627686400,0
199,1786143554558,1651.4082946777344,300,2,0.26249999999999996,1577.895980834961,300,2,0.26249999999999996,4386.27555847168,300,2,0.26249999999999996,3872.2735900878906,300,0,0.26249999999999996,28200.959838867188,605,605,3491,5150,605,605,605,605,0,0,0,100,0,0,0,0,32353091584,8589930496,2627686400,0
199,1786143554758,1651.4182739257813,300,2,0.26249999999999996,1577.9053344726563,300,2,0.26249999999999996,4386.294342041016,300,2,0.26249999999999996,3873.523895263672,300,0,0.26249999999999996,28202.91566467285,605,605,3491,5150,605,605,605,605,0,0,0,100,0,0,0,0,32353091584,8589930496,2627686400,0
200,1786143554958,1651.5306091308594,300,0,0.26249999999999996,1577.9889526367188,300,0,0.26249999999999996,4386.440414428711,300,0,0.26249999999999996,3874.6812591552734,300,0,0.26249999999999996,28205.126892089844,605,605,3491,5150,605,605,605,605,4.761904716491699,0,0,100,0,0,0,0,32353091584,8589930496,2621652992,0
199,1786143555159,1651.6733856201172,300,2,0.26249999999999996,1578.0904998779297,300,2,0.26249999999999996,4387.580383300781,300,0,0.26249999999999996,3874.813751220703,300,2,0.26249999999999996,28207.38706970215,605,605,3491,5150,605,605,605,605,0,0,85,4.761904716491699,0,4.761904716491699,0,5,32353091584,8589930496,2625261568,0
199,1786143555359,1651.6922454833984,300,2,0.26249999999999996,1578.1248168945313,300,2,0.26249999999999996,4388.826736450195,300,0,0.26249999999999996,3874.8413696289063,300,2,0.26249999999999996,28209.401824951172,605,605,3491,5150,605,605,605,605,0,0,100,0,0,0,0,0,32353091584,8589930496,2625261568,0
199,1786143555559,1651.7024993896484,300,2,0.26249999999999996,1578.1341247558594,300,2,0.26249999999999996,4390.070755004883,300,0,0.26249999999999996,3874.8531036376953,300,2,0.26249999999999996,28211.353134155273,605,605,3491,5150,605,605,605,605,0,0,100,0,0,0,0,0,32353091584,8589930496,2625261568,0
199,1786143555759,1651.7125549316406,300,2,0.26249999999999996,1578.1433715820313,300,2,0.26249999999999996,4390.973876953125,300,2,0.26249999999999996,3875.2020263671875,300,0,0.26249999999999996,28213.291595458984,605,605,3491,5150,605,605,605,605,0,0,71.42857360839844,26.3157901763916,0,0,0,0,32353091584,8589930496,2625261568,0
199,1786143555959,1651.7220611572266,300,2,0.26249999999999996,1578.1526794433594,300,2,0.26249999999999996,4390.984191894531,300,2,0.26249999999999996,3876.4361724853516,300,0,0.26249999999999996,28215.193725585938,605,605,3491,5150,605,605,605,605,0,0,0,100,0,0,0,0,32353091584,8589930496,2625261568,0
199,1786143556159,1651.7322692871094,300,2,0.26249999999999996,1578.1629333496094,300,2,0.26249999999999996,4390.994201660156,300,2,0.26249999999999996,3877.6710662841797,300,0,0.26249999999999996,28217.11067199707,605,605,3491,5150,605,605,605,605,0,0,0,100,0,0,0,0,32353091584,8589930496,2625261568,0
199,1786143556359,1651.9398651123047,300,2,0.25624999999999987,1578.3971862792969,300,2,0.25624999999999987,4391.251052856445,300,2,0.25624999999999987,3878.7105102539063,300,0,0.25624999999999987,28219.58494567871,605,605,3491,5150,605,605,605,605,4.761904716491699,0,5.263157844543457,52.6315803527832,10,5,10,25,32353091584,8589930496,2624233472,0
199,1786143556559,1651.9496612548828,300,2,0.25624999999999987,1578.4340515136719,300,2,0.25624999999999987,4391.265563964844,300,2,0.25624999999999987,3879.953338623047,300,0,0.25624999999999987,28221.547241210938,605,605,3491,5150,605,605,605,605,4.761904716491699,0,5.263157844543457,52.6315803527832,10,5,10,25,32353091584,8589930496,2624233472,0
199,1786143556759,1651.9593811035156,300,2,0.26249999999999996,1578.4438018798828,300,2,0.26249999999999996,4391.275848388672,300,2,0.26249999999999996,3881.1812133789063,300,0,0.26249999999999996,28223.46730041504,605,605,3491,5150,605,605,605,605,0,0,0,0,0,0,0,100,32353091584,8589930496,2624233472,0
199,1786143556959,1651.9688873291016,300,2,0.26249999999999996,1578.4531860351563,300,2,0.26249999999999996,4391.28564453125,300,2,0.26249999999999996,3882.403335571289,300,0,0.26249999999999996,28225.38360595703,605,605,3491,5150,605,605,605,605,0,0,0,0,0,0,0,100,32353091584,8589930496,2624233472,0
199,1786143557159,1651.9784240722656,300,2,0.26249999999999996,1578.4632110595703,300,2,0.26249999999999996,4391.295654296875,300,0,0.26249999999999996,3883.628189086914,300,0,0.26249999999999996,28227.296844482422,605,605,3491,5150,605,605,605,605,0,0,0,0,0,0,0,100,32353091584,8589930496,2623533056,0
199,1786143557359,1651.9880981445313,300,2,0.26249999999999996,1578.4726257324219,300,2,0.26249999999999996,4391.305908203125,300,2,0.26249999999999996,3884.8536987304688,300,0,0.26249999999999996,28229.213119506836,605,605,3491,5150,605,605,605,605,0,0,0,0,0,0,0,100,32353091584,8589930496,2623533056,0
200,1786143557559,1652.1157836914063,300,0,0.26249999999999996,1578.5823669433594,300,0,0.26249999999999996,4391.454879760742,300,0,0.26249999999999996,3886.0006713867188,300,0,0.26249999999999996,28231.4365234375,605,605,3491,5150,605,605,605,605,5,4.761904716491699,5,5,0,4.545454502105713,0,85,32353091584,8589930496,2616217600,0
199,1786143557759,1652.249267578125,300,2,0.26249999999999996,1578.6612243652344,300,2,0.26249999999999996,4392.542175292969,300,0,0.26249999999999996,3886.184280395508,300,2,0.26249999999999996,28233.64877319336,605,605,3491,5150,605,605,605,605,5.263157844543457,0,84.21052551269531,5,0,0,4.761904716491699,5.263157844543457,32353091584,8589930496,2618589184,0
199,1786143557959,1652.2590026855469,300,2,0.26249999999999996,1578.6705169677734,300,2,0.26249999999999996,4393.770889282227,300,0,0.26249999999999996,3886.1970977783203,300,2,0.26249999999999996,28235.561264038086,605,605,3491,5150,605,605,605,605,5.263157844543457,0,84.21052551269531,5,0,0,4.761904716491699,5.263157844543457,32353091584,8589930496,2618589184,0
199,1786143558160,1652.2690734863281,300,2,0.26249999999999996,1578.6799774169922,300,2,0.26249999999999996,4394.999588012695,300,0,0.26249999999999996,3886.2068786621094,300,2,0.26249999999999996,28237.47331237793,605,605,3491,5150,605,605,605,605,0,0,100,0,0,0,0,0,32353091584,8589930496,2618589184,0
199,1786143558360,1652.2791442871094,300,2,0.26249999999999996,1578.6902618408203,300,2,0.26249999999999996,4396.228271484375,300,0,0.26249999999999996,3886.218475341797,300,2,0.26249999999999996,28239.388214111328,605,605,3491,5150,605,605,605,605,0,0,100,0,0,0,0,0,32353091584,8589930496,2618589184,0
199,1786143558560,1652.2929077148438,300,2,0.26249999999999996,1578.7008972167969,300,2,0.26249999999999996,4397.457656860352,300,0,0.26249999999999996,3886.247329711914,300,2,0.26249999999999996,28241.323440551758,605,605,3491,5150,605,605,605,605,4.761904716491699,0,100,0,0,0,0,0,32353091584,8589930496,2618589184,0
199,1786143558760,1652.3024444580078,300,2,0.26249999999999996,1578.7101135253906,300,2,0.26249999999999996,4398.684982299805,300,0,0.26249999999999996,3886.257598876953,300,2,0.26249999999999996,28243.23518371582,605,605,3491,5150,605,605,605,605,0,0,100,0,0,0,0,0,32353091584,8589930496,2618589184,0
199,1786143558960,1652.5049438476563,300,2,0.25624999999999987,1578.9214935302734,300,2,0.25624999999999987,4399.253845214844,300,2,0.25624999999999987,3887.064682006836,300,0,0.25624999999999987,28245.801666259766,605,605,3491,5150,605,605,605,605,0,5,38.095237731933594,10,5,5,0,50,32353091584,8589930496,2617122816,0
200,1786143559160,1652.5145721435547,300,2,0.25624999999999987,1578.9312591552734,300,2,0.25624999999999987,4399.26383972168,300,2,0.25624999999999987,3888.3392333984375,300,0,0.25624999999999987,28247.784118652344,605,605,3491,5150,605,605,605,605,0,5,38.095237731933594,10,5,5,0,50,32353091584,8589930496,2617053184,0
200,1786143559360,1652.5247650146484,300,2,0.25624999999999987,1578.9481811523438,300,2,0.25624999999999987,4399.274078369141,300,2,0.25624999999999987,3889.612548828125,300,0,0.25624999999999987,28249.781204223633,605,605,3491,5150,605,605,605,605,0,0,0,0,0,0,0,100,32353091584,8589930496,2617053184,0
199,1786143559560,1652.540023803711,300,2,0.25624999999999987,1578.9695281982422,300,2,0.25624999999999987,4399.29020690918,300,2,0.25624999999999987,3890.8890533447266,300,0,0.25624999999999987,28251.809844970703,605,605,3491,5150,605,605,605,605,4.761904716491699,0,0,4.761904716491699,4.761904716491699,0,0,100,32353091584,8589930496,2617053184,0
200,1786143559760,1652.549560546875,300,2,0.25624999999999987,1578.9847259521484,300,2,0.25624999999999987,4399.299392700195,300,2,0.25624999999999987,3892.1619873046875,300,0,0.25624999999999987,28253.792587280273,605,605,3491,5150,605,605,605,605,0,0,0,0,0,0,0,100,32353091584,8589930496,2617053184,0
200,1786143559960,1652.5589447021484,300,2,0.25624999999999987,1578.994140625,300,2,0.25624999999999987,4399.308578491211,300,2,0.25624999999999987,3893.433395385742,300,0,0.25624999999999987,28255.765090942383,605,605,3491,5150,605,605,605,605,0,0,0,0,0,0,0,100,32353091584,8589930496,2617053184,0
199,1786143560160,1652.7338562011719,300,0,0.26875000000000004,1579.1723022460938,300,0,0.26875000000000004,4399.499710083008,300,0,0.26875000000000004,3894.5294036865234,300,0,0.26875000000000004,28258.134765625,605,605,3491,5150,605,605,605,605,5,5,5.263157844543457,0,0,5,0,80,32353091584,8589930496,2612842496,0
199,1786143560360,1652.8131408691406,300,2,0.26249999999999996,1579.2351684570313,300,0,0.26249999999999996,4400.726638793945,300,0,0.26249999999999996,3894.611846923828,300,0,0.26249999999999996,28260.283203125,605,605,3491,5150,605,605,605,605,0,0,95,0,0,0,5,0,32353091584,8589930496,2616352768,0
199,1786143560560,1652.8255462646484,300,2,0.26249999999999996,1579.2445678710938,300,2,0.26249999999999996,4401.954513549805,300,0,0.26249999999999996,3894.6216583251953,300,0,0.26249999999999996,28262.197326660156,605,605,3491,5150,605,605,605,605,0,0,95,0,0,0,5,0,32353091584,8589930496,2616352768,0
199,1786143560760,1652.8360290527344,300,2,0.26249999999999996,1579.2545166015625,300,2,0.26249999999999996,4403.183944702148,300,0,0.26249999999999996,3894.631607055664,300,2,0.26249999999999996,28264.11309814453,605,605,3491,5150,605,605,605,605,0,0,100,2.4390242099761963,0,0,0,0,32353091584,8589930496,2616352768,0
199,1786143560960,1652.8455200195313,300,2,0.26249999999999996,1579.263916015625,300,2,0.26249999999999996,4404.411834716797,300,0,0.26249999999999996,3894.6422424316406,300,2,0.26249999999999996,28266.023986816406,605,605,3491,5150,605,605,605,605,0,0,100,0,0,0,0,0,32353091584,8589930496,2616352768,0
199,1786143561161,1652.8550262451172,300,2,0.26249999999999996,1579.2732696533203,300,2,0.26249999999999996,4405.640350341797,300,0,0.26249999999999996,3894.6519317626953,300,2,0.26249999999999996,28267.932342529297,605,605,3491,5150,605,605,605,605,0,0,100,0,0,0,0,0,32353091584,8589930496,2616512512,0
199,1786143561361,1652.8649444580078,300,2,0.26249999999999996,1579.3245239257813,300,2,0.26249999999999996,4406.834365844727,300,0,0.26249999999999996,3894.736099243164,300,2,0.26249999999999996,28269.96745300293,605,605,3491,5150,605,605,605,605,0,5,60.000003814697266,5.263157844543457,0,0,35,0,32353091584,8589930496,2616512512,0
199,1786143561561,1653.1034088134766,300,2,0.26249999999999996,1579.5127868652344,300,2,0.26249999999999996,4407.929061889648,300,0,0.26249999999999996,3894.9852294921875,300,2,0.26249999999999996,28272.49188232422,605,605,3491,5150,605,605,605,605,0,0,23.809524536132813,4.761904716491699,10,5,60.000003814697266,5,32353091584,8589930496,2618044416,0
199,1786143561761,1653.1346893310547,300,2,0.26249999999999996,1579.5340270996094,300,2,0.26249999999999996,4409.159164428711,300,0,0.26249999999999996,3895.0083770751953,300,2,0.26249999999999996,28274.453079223633,605,605,3491,5150,605,605,605,605,0,0,23.809524536132813,4.761904716491699,10,5,60.000003814697266,5,32353091584,8589930496,2618044416,0
199,1786143561961,1653.1442565917969,300,2,0.26249999999999996,1579.5437774658203,300,2,0.26249999999999996,4410.388778686523,300,0,0.26249999999999996,3895.019027709961,300,2,0.26249999999999996,28276.36898803711,605,605,3491,5150,605,605,605,605,2.4390242099761963,0,0,0,0,0,100,0,32353091584,8589930496,2618044416,0
199,1786143562161,1653.1538391113281,300,2,0.26249999999999996,1579.5531921386719,300,2,0.26249999999999996,4411.618118286133,300,0,0.26249999999999996,3895.0291442871094,300,2,0.26249999999999996,28278.282913208008,605,605,3491,5150,605,605,605,605,0,0,0,0,0,0,100,0,32353091584,8589930496,2618044416,0
199,1786143562361,1653.1638641357422,300,2,0.26249999999999996,1579.5630187988281,300,2,0.26249999999999996,4412.848892211914,300,0,0.26249999999999996,3895.0396881103516,300,2,0.26249999999999996,28280.210250854492,605,605,3491,5150,605,605,605,605,0,0,0,0,0,0,100,0,32353091584,8589930496,2618044416,0
200,1786143562561,1653.1734619140625,300,2,0.26249999999999996,1579.5724182128906,300,2,0.26249999999999996,4414.079635620117,300,0,0.26249999999999996,3895.050796508789,300,2,0.26249999999999996,28282.11553955078,605,605,3491,5150,605,605,605,605,4.761904716491699,0,0,0,0,0,100,0,32353091584,8589930496,2618044416,0
199,1786143562761,1653.3360137939453,300,0,0.26249999999999996,1579.7227630615234,300,0,0.26249999999999996,4415.210479736328,300,0,0.26249999999999996,3895.243911743164,300,0,0.26249999999999996,28284.47836303711,605,605,3491,5150,605,605,605,605,5,5.263157844543457,10,5,0,5,75,5.263157844543457,32353091584,8589930496,2620608512,0
199,1786143562961,1653.372085571289,300,2,0.26249999999999996,1579.8136749267578,300,2,0.26249999999999996,4416.447662353516,300,0,0.26249999999999996,3895.300491333008,300,2,0.26249999999999996,28286.59944152832,605,605,3491,5150,605,605,605,605,0,0,100,0,0,0,0,0,32353091584,8589930496,2621124608,0
200,1786143563161,1653.3818664550781,300,2,0.26249999999999996,1579.823257446289,300,2,0.26249999999999996,4417.694549560547,300,0,0.26249999999999996,3895.3097229003906,300,2,0.26249999999999996,28288.547622680664,605,605,3491,5150,605,605,605,605,0,0,100,0,0,0,0,0,32353091584,8589930496,2621370368,0
199,1786143563361,1653.4000701904297,300,2,0.25624999999999987,1579.8776092529297,300,2,0.25624999999999987,4418.1038818359375,300,0,0.25624999999999987,3896.1150970458984,300,0,0.25624999999999987,28290.53106689453,605,605,3491,5150,605,605,605,605,4.761904716491699,5,30.000001907348633,65,0,0,0,0,32353091584,8589930496,2621452288,0
199,1786143563561,1653.4097442626953,300,2,0.25624999999999987,1579.887222290039,300,2,0.25624999999999987,4418.113586425781,300,2,0.25624999999999987,3897.370071411133,300,0,0.25624999999999987,28292.47232055664,605,605,3491,5150,605,605,605,605,0,0,0,100,0,0,0,0,32353091584,8589930496,2621452288,0
199,1786143563761,1653.4192199707031,300,2,0.25624999999999987,1579.8966674804688,300,2,0.25624999999999987,4418.123184204102,300,0,0.25624999999999987,3898.6256256103516,300,0,0.25624999999999987,28294.41130065918,605,605,3491,5150,605,605,605,605,0,0,0,100,0,0,0,0,32353091584,8589930496,2621452288,0
199,1786143563962,1653.4287719726563,300,2,0.25624999999999987,1579.9061126708984,300,2,0.25624999999999987,4418.13591003418,300,2,0.25624999999999987,3899.8812408447266,300,0,0.25624999999999987,28296.34832763672,605,605,3491,5150,605,605,605,605,0,0,0,100,0,0,0,0,32353091584,8589930496,2621452288,0
199,1786143564162,1653.6222229003906,300,2,0.26249999999999996,1580.1301879882813,300,2,0.26249999999999996,4418.99870300293,300,0,0.26249999999999996,3900.384002685547,300,2,0.26249999999999996,28298.914138793945,605,605,3491,5150,605,605,605,605,0,4.761904716491699,63.15789031982422,21.052631378173828,5,5,5,5,32353091584,8589930496,2623365120,0
200,1786143564362,1653.6318359375,300,2,0.26249999999999996,1580.1407165527344,300,2,0.26249999999999996,4420.179061889648,300,0,0.26249999999999996,3900.3995056152344,300,2,0.26249999999999996,28300.871780395508,605,605,3491,5150,605,605,605,605,0,4.761904716491699,63.15789031982422,21.052631378173828,5,5,5,5,32353091584,8589930496,2623365120,0
199,1786143564562,1653.6421966552734,300,2,0.26249999999999996,1580.1519317626953,300,2,0.26249999999999996,4421.35205078125,300,0,0.26249999999999996,3900.410446166992,300,2,0.26249999999999996,28302.81788635254,605,605,3491,5150,605,605,605,605,0,2.4390242099761963,97.56097412109375,0,0,0,2.4390242099761963,0,32353091584,8589930496,2623107072,0
199,1786143564762,1653.6592407226563,300,2,0.26249999999999996,1580.1613159179688,300,2,0.26249999999999996,4422.533279418945,300,0,0.26249999999999996,3900.419952392578,300,2,0.26249999999999996,28304.772888183594,605,605,3491,5150,605,605,605,605,0,2.4390242099761963,97.56097412109375,0,0,0,2.4390242099761963,0,32353091584,8589930496,2623107072,0
199,1786143564962,1653.6693725585938,300,2,0.26249999999999996,1580.1707153320313,300,2,0.26249999999999996,4423.713165283203,300,0,0.26249999999999996,3900.4293670654297,300,2,0.26249999999999996,28306.720443725586,605,605,3491,5150,605,605,605,605,0,0,100,0,0,0,0,0,32353091584,8589930496,2623107072,0
199,1786143565162,1653.6795806884766,300,2,0.26249999999999996,1580.1800384521484,300,2,0.26249999999999996,4424.894088745117,300,0,0.26249999999999996,3900.438735961914,300,2,0.26249999999999996,28308.666213989258,605,605,3491,5150,605,605,605,605,0,0,100,0,0,0,0,0,32353091584,8589930496,2623107072,0
199,1786143565362,1653.851577758789,300,0,0.26875000000000004,1580.4066467285156,300,0,0.26875000000000004,4425.919494628906,300,0,0.26875000000000004,3900.6112518310547,300,0,0.26875000000000004,28311.082443237305,605,605,3491,5150,605,605,605,605,5,0,77.77777862548828,0,5,10,0,5,32353091584,8589930496,2620444672,0
199,1786143565562,1653.9098358154297,300,2,0.26249999999999996,1580.438217163086,300,2,0.26249999999999996,4427.173965454102,300,0,0.26249999999999996,3900.649658203125,300,2,0.26249999999999996,28313.184478759766,605,605,3491,5150,605,605,605,605,0,0,10,0,0,0,90,0,32353091584,8589930496,2620383232,0
199,1786143565762,1653.9209289550781,300,2,0.26249999999999996,1580.4475708007813,300,2,0.26249999999999996,4428.4227294921875,300,0,0.26249999999999996,3900.6591033935547,300,2,0.26249999999999996,28315.14419555664,605,605,3491,5150,605,605,605,605,0,0,0,0,0,0,100,0,32353091584,8589930496,2620383232,0
199,1786143565962,1653.9339599609375,300,2,0.26249999999999996,1580.4578857421875,300,2,0.26249999999999996,4429.678146362305,300,0,0.26249999999999996,3900.6698150634766,300,2,0.26249999999999996,28317.115600585938,605,605,3491,5150,605,605,605,605,0,0,0,0,0,0,100,0,32353091584,8589930496,2620383232,0
199,1786143566162,1653.944320678711,300,2,0.26249999999999996,1580.4671478271484,300,2,0.26249999999999996,4430.925262451172,300,0,0.26249999999999996,3900.679168701172,300,2,0.26249999999999996,28319.078338623047,605,605,3491,5150,605,605,605,605,0,0,0,0,0,0,100,0,32353091584,8589930496,2620383232,0
199,1786143566362,1653.9593353271484,300,2,0.26249999999999996,1580.4777526855469,300,2,0.26249999999999996,4432.174453735352,300,0,0.26249999999999996,3900.6895599365234,300,2,0.26249999999999996,28321.051956176758,605,605,3491,5150,605,605,605,605,0,0,0,0,0,0,100,0,32353091584,8589930496,2620903424,0
199,1786143566562,1653.9690399169922,300,2,0.26249999999999996,1580.4870147705078,300,2,0.26249999999999996,4433.423431396484,300,0,0.26249999999999996,3900.7000122070313,300,0,0.26249999999999996,28323.011428833008,605,605,3491,5150,605,605,605,605,0,0,0,0,0,0,100,0,32353091584,8589930496,2620903424,0
199,1786143566763,1654.1800231933594,300,0,0.25624999999999987,1580.6738739013672,300,2,0.25624999999999987,4433.860046386719,300,0,0.25624999999999987,3901.6297454833984,300,0,0.25624999999999987,28325.565551757813,605,605,3491,5150,605,605,605,605,5,5,9.523809432983398,65,0,0,15.789472579956055,9.523809432983398,32353091584,8589930496,2617470976,0
199,1786143566963,1654.1896667480469,300,2,0.25624999999999987,1580.6831359863281,300,2,0.25624999999999987,4433.872375488281,300,0,0.25624999999999987,3902.9027557373047,300,0,0.25624999999999987,28327.54425048828,605,605,3491,5150,605,605,605,605,5,5,9.523809432983398,65,0,0,15.789472579956055,9.523809432983398,32353091584,8589930496,2617470976,0
199,1786143567163,1654.1996002197266,300,2,0.25624999999999987,1580.6929321289063,300,2,0.25624999999999987,4433.882751464844,300,2,0.25624999999999987,3904.1754455566406,300,0,0.25624999999999987,28329.5291595459,605,605,3491,5150,605,605,605,605,0,0,0,100,2.4390242099761963,0,0,0,32353091584,8589930496,2617470976,0
199,1786143567363,1654.2096252441406,300,2,0.26249999999999996,1580.713882446289,300,2,0.26249999999999996,4433.978561401367,300,0,0.26249999999999996,3905.3609466552734,300,2,0.26249999999999996,28331.538146972656,605,605,3491,5150,605,605,605,605,0,0,9.523809432983398,90.47618865966797,0,0,4.761904716491699,0,32353091584,8589930496,2617716736,0
199,1786143567563,1654.2193603515625,300,2,0.26249999999999996,1580.7233581542969,300,2,0.26249999999999996,4435.211410522461,300,0,0.26249999999999996,3905.3716735839844,300,2,0.26249999999999996,28333.45867919922,605,605,3491,5150,605,605,605,605,0,0,9.523809432983398,90.47618865966797,0,0,4.761904716491699,0,32353091584,8589930496,2617716736,0
199,1786143567763,1654.22900390625,300,2,0.26249999999999996,1580.7328186035156,300,2,0.26249999999999996,4436.445343017578,300,0,0.26249999999999996,3905.3816986083984,300,2,0.26249999999999996,28335.37535095215,605,605,3491,5150,605,605,605,605,0,0,100,0,0,0,0,0,32353091584,8589930496,2617716736,0
199,1786143567963,1654.443862915039,300,0,0.26875000000000004,1580.9158630371094,300,0,0.26875000000000004,4437.48405456543,300,0,0.26875000000000004,3905.599594116211,300,0,0.26875000000000004,28337.770477294922,605,605,3491,5150,605,605,605,605,9.523809432983398,0,75,5,4.761904716491699,9.523809432983398,0,0,32353091584,8589930496,2621562880,0
199,1786143568163,1654.5166778564453,300,2,0.26249999999999996,1580.9731140136719,300,2,0.26249999999999996,4438.747955322266,300,0,0.26249999999999996,3905.6656951904297,300,2,0.26249999999999996,28339.93492126465,605,605,3491,5150,605,605,605,605,0,0,94.73684692382813,0,0,0,10,0,32353091584,8589930496,2622021632,0
199,1786143568363,1654.5263977050781,300,2,0.26249999999999996,1580.9825286865234,300,2,0.26249999999999996,4439.997772216797,300,0,0.26249999999999996,3905.6756134033203,300,2,0.26249999999999996,28341.88362121582,605,605,3491,5150,605,605,605,605,0,0,100,0,0,0,0,0,32353091584,8589930496,2622021632,0
199,1786143568563,1654.539291381836,300,2,0.26249999999999996,1580.9927978515625,300,2,0.26249999999999996,4441.24089050293,300,0,0.26249999999999996,3905.6851348876953,300,2,0.26249999999999996,28343.8438873291,605,605,3491,5150,605,605,605,605,0,0,100,0,0,0,0,0,32353091584,8589930496,2622021632,0
199,1786143568763,1654.5533142089844,300,2,0.26249999999999996,1581.0022583007813,300,2,0.26249999999999996,4442.487411499023,300,0,0.26249999999999996,3905.694534301758,300,2,0.26249999999999996,28345.811157226563,605,605,3491,5150,605,605,605,605,0,0,100,0,0,0,0,0,32353091584,8589930496,2622021632,0
199,1786143568963,1654.5665435791016,300,2,0.26249999999999996,1581.0121307373047,300,2,0.26249999999999996,4443.743850708008,300,0,0.26249999999999996,3905.705062866211,300,2,0.26249999999999996,28347.77751159668,605,605,3491,5150,605,605,605,605,0,0,100,0,0,0,0,0,32353091584,8589930496,2622156800,0
199,1786143569163,1654.5789794921875,300,2,0.26249999999999996,1581.0214233398438,300,2,0.26249999999999996,4444.996109008789,300,0,0.26249999999999996,3905.714401245117,300,2,0.26249999999999996,28349.73890686035,605,605,3491,5150,605,605,605,605,0,0,100,0,0,0,0,0,32353091584,8589930496,2622156800,0
199,1786143569363,1654.8091583251953,300,0,0.26249999999999996,1581.2247314453125,300,2,0.26249999999999996,4446.105163574219,300,0,0.26249999999999996,3905.9051513671875,300,2,0.26249999999999996,28352.23179626465,605,605,3491,5150,605,605,605,605,10,5,80,5,9.523809432983398,5,5,13.636363983154297,32353091584,8589930496,2632908800,0
199,1786143569564,1654.8192901611328,300,2,0.26249999999999996,1581.2452239990234,300,2,0.26249999999999996,4447.344039916992,300,0,0.26249999999999996,3905.938934326172,300,2,0.26249999999999996,28354.193252563477,605,605,3491,5150,605,605,605,605,10,5,80,5,9.523809432983398,5,5,13.636363983154297,32353091584,8589930496,2632908800,0
199,1786143569764,1654.828842163086,300,2,0.26249999999999996,1581.2549285888672,300,0,0.26249999999999996,4448.577499389648,300,0,0.26249999999999996,3905.9541015625,300,0,0.26249999999999996,28356.115676879883,605,605,3491,5150,605,605,605,605,0,0,100,2.4390242099761963,0,0,0,0,32353091584,8589930496,2632908800,0
199,1786143569964,1654.8382568359375,300,2,0.26249999999999996,1581.2644805908203,300,2,0.26249999999999996,4449.810485839844,300,0,0.26249999999999996,3905.9659729003906,300,0,0.26249999999999996,28358.03089904785,605,605,3491,5150,605,605,605,605,0,0,100,0,0,0,0,0,32353091584,8589930496,2632908800,0
199,1786143570164,1654.847640991211,300,2,0.26249999999999996,1581.2737731933594,300,2,0.26249999999999996,4451.043243408203,300,0,0.26249999999999996,3905.9777221679688,300,2,0.26249999999999996,28359.94514465332,605,605,3491,5150,605,605,605,605,0,0,100,0,0,0,0,0,32353091584,8589930496,2632757248,0
199,1786143570364,1654.857177734375,300,2,0.26249999999999996,1581.283462524414,300,2,0.26249999999999996,4452.275192260742,300,0,0.26249999999999996,3905.9888610839844,300,2,0.26249999999999996,28361.86474609375,605,605,3491,5150,605,605,605,605,0,0,100,0,0,0,0,0,32353091584,8589930496,2632757248,0
199,1786143570564,1655.0411376953125,300,0,0.25624999999999987,1581.463623046875,300,0,0.25624999999999987,4453.388595581055,300,0,0.25624999999999987,3906.1996002197266,300,0,0.25624999999999987,28364.323974609375,605,605,3491,5150,605,605,605,605,0,4.761904716491699,71.42857360839844,0,0,4.761904716491699,5,5,32353091584,8589930496,2618777600,0
199,1786143570764,1655.1011505126953,300,2,0.25624999999999987,1581.5050201416016,300,2,0.25624999999999987,4454.658416748047,300,0,0.25624999999999987,3906.239944458008,300,2,0.25624999999999987,28366.407806396484,605,605,3491,5150,605,605,605,605,0,0,100,0,0,0,0,0,32353091584,8589930496,2619027456,0
199,1786143570964,1655.1109161376953,300,2,0.26249999999999996,1581.514404296875,300,2,0.26249999999999996,4455.909133911133,300,0,0.26249999999999996,3906.250274658203,300,2,0.26249999999999996,28368.36457824707,605,605,3491,5150,605,605,605,605,0,0,100,0,0,0,0,0,32353091584,8589930496,2619027456,0
199,1786143571164,1655.1204681396484,300,2,0.26249999999999996,1581.524185180664,300,2,0.26249999999999996,4457.158157348633,300,0,0.26249999999999996,3906.263427734375,300,2,0.26249999999999996,28370.32403564453,605,605,3491,5150,605,605,605,605,0,0,100,0,0,0,0,0,32353091584,8589930496,2619027456,0
199,1786143571364,1655.1322021484375,300,2,0.26249999999999996,1581.54443359375,300,2,0.26249999999999996,4458.404800415039,300,0,0.26249999999999996,3906.2806854248047,300,2,0.26249999999999996,28372.306671142578,605,605,3491,5150,605,605,605,605,0,0,100,0,0,0,0,0,32353091584,8589930496,2619027456,0
199,1786143571564,1655.1424560546875,300,2,0.26249999999999996,1581.5538787841797,300,2,0.26249999999999996,4459.654266357422,300,0,0.26249999999999996,3906.291000366211,300,2,0.26249999999999996,28374.264434814453,605,605,3491,5150,605,605,605,605,0,0,100,0,0,0,0,0,32353091584,8589930496,2619027456,0
199,1786143571764,1655.1522521972656,300,2,0.26249999999999996,1581.5630950927734,300,2,0.26249999999999996,4460.905456542969,300,0,0.26249999999999996,3906.3008422851563,300,2,0.26249999999999996,28376.222259521484,605,605,3491,5150,605,605,605,605,0,0,100,0,0,0,0,0,32353091584,8589930496,2619027456,0
199,1786143571964,1655.35205078125,300,2,0.26249999999999996,1581.7928924560547,300,2,0.26249999999999996,4462.058120727539,300,0,0.26249999999999996,3906.5341033935547,300,2,0.26249999999999996,28378.818572998047,605,605,3491,5150,605,605,605,605,9.523809432983398,9.523809432983398,78.94737243652344,5,9.523809432983398,5.263157844543457,9.523809432983398,5.263157844543457,32353091584,8589930496,2615001088,0
199,1786143572164,1655.3616180419922,300,2,0.26249999999999996,1581.8024597167969,300,2,0.26249999999999996,4463.291946411133,300,0,0.26249999999999996,3906.5484466552734,300,2,0.26249999999999996,28380.74446105957,605,605,3491,5150,605,605,605,605,9.523809432983398,9.523809432983398,78.94737243652344,5,9.523809432983398,5.263157844543457,9.523809432983398,5.263157844543457,32353091584,8589930496,2615001088,0
199,1786143572365,1655.3712615966797,300,2,0.26249999999999996,1581.8121643066406,300,2,0.26249999999999996,4464.525115966797,300,0,0.26249999999999996,3906.562225341797,300,2,0.26249999999999996,28382.669967651367,605,605,3491,5150,605,605,605,605,0,0,100,0,0,0,0,0,32353091584,8589930496,2615001088,0
199,1786143572565,1655.382797241211,300,2,0.26249999999999996,1581.8221282958984,300,2,0.26249999999999996,4465.754776000977,300,0,0.26249999999999996,3906.576126098633,300,2,0.26249999999999996,28384.592361450195,605,605,3491,5150,605,605,605,605,0,0,100,0,0,0,0,0,32353091584,8589930496,2615177216,0
199,1786143572765,1655.3925170898438,300,2,0.26249999999999996,1581.8316802978516,300,2,0.26249999999999996,4466.986572265625,300,0,0.26249999999999996,3906.590774536133,300,2,0.26249999999999996,28386.512924194336,605,605,3491,5150,605,605,605,605,0,0,100,0,0,0,0,0,32353091584,8589930496,2615177216,0
199,1786143572965,1655.4021301269531,300,2,0.26249999999999996,1581.8411102294922,300,2,0.26249999999999996,4468.219192504883,300,0,0.26249999999999996,3906.6004180908203,300,0,0.26249999999999996,28388.429397583008,605,605,3491,5150,605,605,605,605,0,0,100,0,0,0,0,0,32353091584,8589930496,2615177216,0
199,1786143573165,1655.6160736083984,300,0,0.25624999999999987,1582.0685424804688,300,0,0.25624999999999987,4469.3079833984375,300,0,0.25624999999999987,3906.822296142578,300,0,0.25624999999999987,28390.94190979004,605,605,3491,5150,605,605,605,605,0,0,73.68421173095703,0,0,10,5,5,32353091584,8589930496,2624950272,0
199,1786143573365,1655.7376098632813,300,2,0.25624999999999987,1582.0935821533203,300,2,0.25624999999999987,4470.573043823242,300,0,0.25624999999999987,3906.8592987060547,300,2,0.25624999999999987,28393.103713989258,605,605,3491,5150,605,605,605,605,0,0,100,0,5,0,0,0,32353091584,8589930496,2625208320,0
199,1786143573565,1655.7471313476563,300,2,0.25624999999999987,1582.103271484375,300,2,0.25624999999999987,4471.83610534668,300,0,0.25624999999999987,3906.871871948242,300,2,0.25624999999999987,28395.083053588867,605,605,3491,5150,605,605,605,605,0,0,100,0,5,0,0,0,32353091584,8589930496,2625208320,0
199,1786143573765,1655.7567291259766,300,2,0.25624999999999987,1582.1131134033203,300,2,0.25624999999999987,4473.1033935546875,300,0,0.25624999999999987,3906.8828887939453,300,2,0.25624999999999987,28397.066360473633,605,605,3491,5150,605,605,605,605,0,0,100,0,0,0,0,0,32353091584,8589930496,2625208320,0
199,1786143573965,1655.7660827636719,300,2,0.25624999999999987,1582.1226501464844,300,2,0.25624999999999987,4474.365905761719,300,0,0.25624999999999987,3906.896530151367,300,2,0.25624999999999987,28399.042083740234,605,605,3491,5150,605,605,605,605,0,0,100,0,0,0,0,0,32353091584,8589930496,2625208320,0
199,1786143574165,1655.7754974365234,300,2,0.25624999999999987,1582.1321105957031,300,2,0.25624999999999987,4475.623260498047,300,0,0.25624999999999987,3906.9063873291016,300,2,0.25624999999999987,28401.0069732666,605,605,3491,5150,605,605,605,605,0,0,100,0,0,0,0,0,32353091584,8589930496,2625449984,0
199,1786143574365,1655.7851867675781,300,2,0.25624999999999987,1582.1417236328125,300,2,0.25624999999999987,4476.882385253906,300,0,0.25624999999999987,3906.917022705078,300,2,0.25624999999999987,28402.981536865234,605,605,3491,5150,605,605,605,605,0,0,100,0,0,0,0,0,32353091584,8589930496,2625449984,0
199,1786143574565,1655.9967346191406,300,2,0.25624999999999987,1582.3613586425781,300,2,0.25624999999999987,4477.212997436523,300,2,0.25624999999999987,3907.914321899414,300,0,0.25624999999999987,28405.532501220703,605,605,3491,5150,605,605,605,605,9.523809432983398,9.523809432983398,15.000000953674316,73.68421173095703,5.263157844543457,0,5,5,32353091584,8589930496,2624512000,0
199,1786143574765,1656.0063018798828,300,2,0.25624999999999987,1582.3711853027344,300,2,0.25624999999999987,4477.247741699219,300,2,0.25624999999999987,3909.185028076172,300,0,0.25624999999999987,28407.533660888672,605,605,3491,5150,605,605,605,605,9.523809432983398,9.523809432983398,15.000000953674316,73.68421173095703,5.263157844543457,0,5,5,32353091584,8589930496,2624512000,0
199,1786143574965,1656.015853881836,300,2,0.25624999999999987,1582.3811645507813,300,2,0.25624999999999987,4477.259246826172,300,2,0.25624999999999987,3910.466323852539,300,0,0.25624999999999987,28409.529067993164,605,605,3491,5150,605,605,605,605,0,0,2.5,100,0,0,0,0,32353091584,8589930496,2624512000,0
199,1786143575165,1656.0252990722656,300,2,0.25624999999999987,1582.3904571533203,300,2,0.25624999999999987,4477.272705078125,300,2,0.25624999999999987,3911.7413787841797,300,0,0.25624999999999987,28411.51007080078,605,605,3491,5150,605,605,605,605,0,0,0,100,0,0,0,0,32353091584,8589930496,2624512000,0
199,1786143575366,1656.0585174560547,300,2,0.25624999999999987,1582.401840209961,300,2,0.25624999999999987,4477.289642333984,300,2,0.25624999999999987,3913.0162048339844,300,0,0.25624999999999987,28413.5390625,605,605,3491,5150,605,605,605,605,0,0,0,100,0,0,0,0,32353091584,8589930496,2624512000,0
200,1786143575566,1656.0685272216797,300,2,0.25624999999999987,1582.4115447998047,300,2,0.25624999999999987,4477.302398681641,300,2,0.25624999999999987,3914.2904052734375,300,0,0.25624999999999987,28415.520751953125,605,605,3491,5150,605,605,605,605,0,0,0,100,0,0,0,0,32353091584,8589930496,2624512000,0
199,1786143575766,1656.2696533203125,300,2,0.25624999999999987,1582.6231536865234,300,0,0.25624999999999987,4477.731109619141,300,0,0.25624999999999987,3915.158248901367,300,0,0.25624999999999987,28417.996353149414,605,605,3491,5150,605,605,605,605,0,0,20,55,5,5,5,0,32353091584,8589930496,2621853696,0
199,1786143575966,1656.289321899414,300,2,0.25624999999999987,1582.6422119140625,300,0,0.25624999999999987,4478.985977172852,300,0,0.25624999999999987,3915.2100830078125,300,0,0.25624999999999987,28420.008193969727,605,605,3491,5150,605,605,605,605,0,0,20,55,5,5,5,0,32353091584,8589930496,2621849600,0
199,1786143576166,1656.298812866211,300,2,0.25624999999999987,1582.651596069336,300,2,0.25624999999999987,4480.238967895508,300,0,0.25624999999999987,3915.2199096679688,300,0,0.25624999999999987,28421.954467773438,605,605,3491,5150,605,605,605,605,0,0,0,0,0,0,100,2.4390242099761963,32353091584,8589930496,2622033920,0
199,1786143576366,1656.308853149414,300,2,0.25624999999999987,1582.6614837646484,300,2,0.25624999999999987,4481.490951538086,300,0,0.25624999999999987,3915.230712890625,300,2,0.25624999999999987,28423.90803527832,605,605,3491,5150,605,605,605,605,0,0,0,0,0,0,100,0,32353091584,8589930496,2622033920,0
199,1786143576566,1656.3184661865234,300,2,0.25624999999999987,1582.6709289550781,300,2,0.25624999999999987,4482.739883422852,300,0,0.25624999999999987,3915.2408752441406,300,2,0.25624999999999987,28425.855911254883,605,605,3491,5150,605,605,605,605,0,0,0,0,0,0,100,0,32353091584,8589930496,2622033920,0
199,1786143576766,1656.327880859375,300,2,0.26249999999999996,1582.680908203125,300,2,0.26249999999999996,4483.990173339844,300,0,0.26249999999999996,3915.250778198242,300,2,0.26249999999999996,28427.802505493164,605,605,3491,5150,605,605,605,605,0,0,0,0,0,0,100,0,32353091584,8589930496,2622033920,0
199,1786143576966,1656.3373260498047,300,2,0.25624999999999987,1582.6902923583984,300,2,0.25624999999999987,4485.242584228516,300,0,0.25624999999999987,3915.2606811523438,300,2,0.25624999999999987,28429.748321533203,605,605,3491,5150,605,605,605,605,0,0,0,0,0,0,100,0,32353091584,8589930496,2622033920,0
199,1786143577166,1656.574951171875,300,2,0.25624999999999987,1582.9032897949219,300,2,0.25624999999999987,4486.416931152344,300,0,0.25624999999999987,3915.491973876953,300,2,0.25624999999999987,28432.378829956055,605,605,3491,5150,605,605,605,605,10,9.523809432983398,5.263157844543457,0,9.523809432983398,4.761904716491699,84.21052551269531,5,32353091584,8589930496,2622550016,0
199,1786143577366,1656.5847473144531,300,2,0.25624999999999987,1582.9131164550781,300,2,0.25624999999999987,4487.685928344727,300,0,0.25624999999999987,3915.5045776367188,300,2,0.25624999999999987,28434.35026550293,605,605,3491,5150,605,605,605,605,10,9.523809432983398,5.263157844543457,0,9.523809432983398,4.761904716491699,84.21052551269531,5,32353091584,8589930496,2622550016,0
199,1786143577566,1656.5947265625,300,2,0.25624999999999987,1582.922836303711,300,2,0.25624999999999987,4488.954833984375,300,0,0.25624999999999987,3915.515365600586,300,2,0.25624999999999987,28436.320419311523,605,605,3491,5150,605,605,605,605,0,0,0,0,0,0,100,0,32353091584,8589930496,2622550016,0
199,1786143577766,1656.6043853759766,300,2,0.25624999999999987,1582.932861328125,300,2,0.25624999999999987,4490.220672607422,300,0,0.25624999999999987,3915.5291290283203,300,2,0.25624999999999987,28438.293701171875,605,605,3491,5150,605,605,605,605,0,0,0,4.761904716491699,0,0,100,0,32353091584,8589930496,2622550016,0
199,1786143577966,1656.6139678955078,300,2,0.25624999999999987,1582.9421997070313,300,2,0.25624999999999987,4491.48893737793,300,0,0.25624999999999987,3915.538864135742,300,2,0.25624999999999987,28440.28109741211,605,605,3491,5150,605,605,605,605,0,0,0,0,0,0,100,0,32353091584,8589930496,2622550016,0
200,1786143578167,1656.6234893798828,300,2,0.25624999999999987,1582.9522705078125,300,2,0.25624999999999987,4492.765625,300,0,0.25624999999999987,3915.5489501953125,300,2,0.25624999999999987,28442.277786254883,605,605,3491,5150,605,605,605,605,0,0,0,0,0,0,100,0,32353091584,8589930496,2622550016,0
199,1786143578367,1656.8313751220703,300,2,0.25624999999999987,1583.1338958740234,300,2,0.25624999999999987,4493.939453125,300,0,0.25624999999999987,3915.7588653564453,300,0,0.25624999999999987,28444.8416595459,605,605,3491,5150,605,605,605,605,5,5,9.090909004211426,4.761904716491699,0,5,80.95238494873047,5,32353091584,8589930496,2637901824,0
199,1786143578567,1656.844711303711,300,2,0.25624999999999987,1583.14404296875,300,2,0.25624999999999987,4495.214462280273,300,0,0.25624999999999987,3915.776336669922,300,2,0.25624999999999987,28446.849716186523,605,605,3491,5150,605,605,605,605,5,5,9.090909004211426,4.761904716491699,0,5,80.95238494873047,5,32353091584,8589930496,2638487552,0
199,1786143578767,1656.8542785644531,300,2,0.25624999999999987,1583.1533203125,300,2,0.25624999999999987,4496.484039306641,300,0,0.25624999999999987,3915.786422729492,300,2,0.25624999999999987,28448.83934020996,605,605,3491,5150,605,605,605,605,0,0,0,0,0,0,100,0,32353091584,8589930496,2638487552,0
199,1786143578967,1656.8640747070313,300,2,0.25624999999999987,1583.163330078125,300,2,0.25624999999999987,4497.753067016602,300,0,0.25624999999999987,3915.7969970703125,300,0,0.25624999999999987,28450.833984375,605,605,3491,5150,605,605,605,605,0,0,0,0,0,4.761904716491699,100,0,32353091584,8589930496,2638487552,0
199,1786143579167,1656.873550415039,300,2,0.25624999999999987,1583.1728820800781,300,2,0.25624999999999987,4499.0224609375,300,0,0.25624999999999987,3915.8069458007813,300,0,0.25624999999999987,28452.823303222656,605,605,3491,5150,605,605,605,605,0,0,0,0,0,0,100,0,32353091584,8589930496,2638561280,0
199,1786143579367,1656.883560180664,300,2,0.25624999999999987,1583.1919860839844,300,2,0.25624999999999987,4500.292510986328,300,0,0.25624999999999987,3915.8187103271484,300,2,0.25624999999999987,28454.830337524414,605,605,3491,5150,605,605,605,605,0,0,0,0,0,0,100,0,32353091584,8589930496,2638561280,0
199,1786143579567,1656.945541381836,16466.666666666664,0,0.25,1583.2449340820313,16466.666666666664,0,0.25,4501.567169189453,16466.666666666664,0,0.25,3915.8650970458984,16466.666666666664,0,0.25,28456.94709777832,605,605,3491,5150,605,605,605,605,0,0,0,0,0,0,100,0,32353091584,8589930496,2638561280,0
199,1786143579767,1657.1302337646484,300,2,0.25624999999999987,1583.4192810058594,300,2,0.25624999999999987,4502.717864990234,300,0,0.25624999999999987,3916.021011352539,300,2,0.25624999999999987,28459.397674560547,605,605,3491,5150,605,605,605,605,2.5,2.5,10,4.878048419952393,5,0,82.92682647705078,0,32353091584,8589930496,2629337088,0
200,1786143579967,1657.139907836914,300,2,0.25624999999999987,1583.4382629394531,300,2,0.25624999999999987,4503.989852905273,300,0,0.25624999999999987,3916.0582733154297,300,2,0.25624999999999987,28461.426651000977,605,605,3491,5150,605,605,605,605,2.5,2.5,10,4.878048419952393,5,0,82.92682647705078,0,32353091584,8589930496,2629337088,0
200,1786143580167,1657.1493835449219,300,2,0.25624999999999987,1583.4480285644531,300,2,0.25624999999999987,4505.261657714844,300,0,0.25624999999999987,3916.0682983398438,300,2,0.25624999999999987,28463.41862487793,605,605,3491,5150,605,605,605,605,0,0,0,0,0,0,100,0,32353091584,8589930496,2629337088,0
200,1786143580367,1657.1588287353516,300,2,0.25624999999999987,1583.4574584960938,300,2,0.25624999999999987,4506.534317016602,300,0,0.25624999999999987,3916.078414916992,300,2,0.25624999999999987,28465.41552734375,605,605,3491,5150,605,605,605,605,0,0,0,0,0,0,100,0,32353091584,8589930496,2629337088,0
200,1786143580567,1657.1683502197266,300,2,0.25624999999999987,1583.4669189453125,300,2,0.25624999999999987,4507.8062744140625,300,0,0.25624999999999987,3916.087875366211,300,2,0.25624999999999987,28467.406158447266,605,605,3491,5150,605,605,605,605,0,0,0,0,0,0,100,0,32353091584,8589930496,2629337088,0
200,1786143580767,1657.1778259277344,300,2,0.25624999999999987,1583.4764251708984,300,2,0.25624999999999987,4509.076187133789,300,0,0.25624999999999987,3916.0975952148438,300,2,0.25624999999999987,28469.39776611328,605,605,3491,5150,605,605,605,605,0,0,0,0,0,0,100,0,32353091584,8589930496,2629337088,0
199,1786143580968,1657.4462280273438,300,2,0.25624999999999987,1583.654525756836,300,2,0.25624999999999987,4509.789321899414,300,2,0.25624999999999987,3916.729507446289,300,0,0.25624999999999987,28471.985382080078,605,605,3491,5150,605,605,605,605,5,5,0,0,5,5,42.105262756347656,42.85714340209961,32353091584,8589930496,2623807488,0
199,1786143581168,1657.469497680664,300,2,0.25624999999999987,1583.6724395751953,300,2,0.25624999999999987,4509.827545166016,300,2,0.25624999999999987,3918.0088958740234,300,0,0.25624999999999987,28474.029403686523,605,605,3491,5150,605,605,605,605,0,0,0,0,0,0,5,100,32353091584,8589930496,2623901696,0
199,1786143581368,1657.4801177978516,300,2,0.25624999999999987,1583.6824493408203,300,2,0.25624999999999987,4509.838302612305,300,2,0.25624999999999987,3919.288116455078,300,0,0.25624999999999987,28476.030487060547,605,605,3491,5150,605,605,605,605,0,0,4.761904716491699,0,0,0,0,100,32353091584,8589930496,2623901696,0
199,1786143581568,1657.4898376464844,300,2,0.25624999999999987,1583.6917114257813,300,2,0.25624999999999987,4509.848678588867,300,2,0.25624999999999987,3920.5664825439453,300,0,0.25624999999999987,28478.0205078125,605,605,3491,5150,605,605,605,605,0,0,0,0,0,0,0,100,32353091584,8589930496,2623901696,0
199,1786143581768,1657.4996185302734,300,2,0.25624999999999987,1583.7016906738281,300,2,0.25624999999999987,4509.860931396484,300,2,0.25624999999999987,3921.8448486328125,300,0,0.25624999999999987,28480.013214111328,605,605,3491,5150,605,605,605,605,0,0,0,0,0,0,0,100,32353091584,8589930496,2623901696,0
199,1786143581968,1657.5092315673828,300,2,0.25624999999999987,1583.7109680175781,300,2,0.25624999999999987,4509.87092590332,300,2,0.25624999999999987,3923.1219940185547,300,0,0.25624999999999987,28482.000732421875,605,605,3491,5150,605,605,605,605,0,0,0,0,0,0,0,100,32353091584,8589930496,2623901696,0
200,1786143582168,1657.6022033691406,300,0,0.26875000000000004,1583.7940368652344,300,0,0.26875000000000004,4509.994766235352,300,0,0.26875000000000004,3924.3626251220703,300,0,0.26875000000000004,28484.251754760742,605,605,3491,5150,605,605,605,605,5,4.761904716491699,5,5,0,4.761904716491699,0,94.73684692382813,32353091584,8589930496,2619699200,0
199,1786143582368,1657.7313537597656,300,2,0.25624999999999987,1583.9482879638672,300,2,0.25624999999999987,4510.122589111328,300,0,0.25624999999999987,3925.5670318603516,300,0,0.25624999999999987,28486.633911132813,605,605,3491,5150,605,605,605,605,0,4.761904716491699,0,0,9.090909004211426,0,0,90,32353091584,8589930496,2625572864,0
199,1786143582568,1657.7408905029297,300,2,0.25624999999999987,1583.9578857421875,300,2,0.25624999999999987,4510.132736206055,300,0,0.25624999999999987,3926.8477783203125,300,0,0.25624999999999987,28488.631256103516,605,605,3491,5150,605,605,605,605,0,4.761904716491699,0,0,9.090909004211426,0,0,90,32353091584,8589930496,2625572864,0
199,1786143582768,1657.7506408691406,300,2,0.25624999999999987,1583.9675903320313,300,2,0.25624999999999987,4510.143524169922,300,2,0.25624999999999987,3928.127212524414,300,0,0.25624999999999987,28490.6309967041,605,605,3491,5150,605,605,605,605,0,0,0,0,0,0,0,100,32353091584,8589930496,2625572864,0
199,1786143582968,1657.7601470947266,300,2,0.25624999999999987,1583.9768676757813,300,2,0.25624999999999987,4510.1533203125,300,2,0.25624999999999987,3929.4061889648438,300,0,0.25624999999999987,28492.623992919922,605,605,3491,5150,605,605,605,605,0,0,0,0,0,0,0,100,32353091584,8589930496,2625572864,0
199,1786143583168,1657.7695617675781,300,2,0.25624999999999987,1583.9861907958984,300,2,0.25624999999999987,4510.163116455078,300,2,0.25624999999999987,3930.6856231689453,300,0,0.25624999999999987,28494.618606567383,605,605,3491,5150,605,605,605,605,0,0,0,0,0,0,0,100,32353091584,8589930496,2625863680,0
200,1786143583368,1657.7803497314453,300,2,0.25624999999999987,1584.0055541992188,300,2,0.25624999999999987,4510.181549072266,300,2,0.25624999999999987,3931.9676055908203,300,0,0.25624999999999987,28496.652130126953,605,605,3491,5150,605,605,605,605,0,0,0,0,0,0,4.761904716491699,100,32353091584,8589930496,2625990656,0
0,1786143583569,1657.8754425048828,28800,0,1.33125,1584.0713195800781,28800,0,1.33125,4510.27018737793,28800,0,1.33125,3932.4938354492188,28800,0,1.33125,28498.145050048828,605,605,3491,5150,605,605,605,605,0,0,4.761904716491699,0,0,0,0,35,32353091584,8589930496,2616385536,0
